{
    "value0": {
        "T_imu_cam": [
            {
                "px": 0.011771821143061759,
                "py": 0.001435668621070267,
                "pz": 0.006322024293795397,
                "qx": 0.006183971011065445,
                "qy": -0.0013697120520973778,
                "qz": 0.999977557497098,
                "qw": 0.0021833216818968428
            },
            {
                "px": -0.05145343645143931,
                "py": 0.0009481235034341665,
                "pz": 0.006749932710169054,
                "qx": 0.0025415497131336054,
                "qy": -0.0007363295884321181,
                "qz": 0.9999963968490914,
                "qw": 0.0004523633799428255
            }
        ],
        "intrinsics": [
            {
                "camera_type": "kb4",
                "intrinsics": {
                    "fx": 286.60144163375528,
                    "fy": 286.4617087423328,
                    "cx": 422.2765876951761,
                    "cy": 395.2246466040553,
                    "k1": -0.006762412326815424,
                    "k2": 0.045170283325720008,
                    "k3": -0.043515167278210638,
                    "k4": 0.008374959821591333
                }
            },
            {
                "camera_type": "kb4",
                "intrinsics": {
                    "fx": 286.94962264945976,
                    "fy": 286.69078453656996,
                    "cx": 431.3293011565108,
                    "cy": 390.0750907521924,
                    "k1": -0.00917659267037002,
                    "k2": 0.05074013237676034,
                    "k3": -0.04804389088255095,
                    "k4": 0.009643678532407408
                }
            }
        ],
        "resolution": [
            [
                848,
                800
            ],
            [
                848,
                800
            ]
        ],
        "calib_accel_bias": [
            -0.027728139093143219,
            0.2756071378690776,
            -0.1370029185223435,
            0.016180888150195365,
            -0.01147187471851237,
            -0.026445291511280286,
            0.012093418629810032,
            0.0008398935983969846,
            0.016344294616207294
        ],
        "calib_gyro_bias": [
            0.00335688830662072,
            -0.0013333454538230756,
            0.003166305582421433,
            -0.001501459772989326,
            -0.003948783740038318,
            -0.0024347639172343875,
            0.0026019412599533719,
            -0.0003476120181021593,
            -0.0018786632124045628,
            0.0018511997440283253,
            0.00035203439937708434,
            -0.00448116064979246
        ],
        "imu_update_rate": 200.23692673929953,
        "accel_noise_std": [
            0.00818,
            0.00818,
            0.00818
        ],
        "gyro_noise_std": [
            0.00226,
            0.00226,
            0.00226
        ],
        "accel_bias_std": [
            0.01,
            0.01,
            0.01
        ],
        "gyro_bias_std": [
            0.0007,
            0.0007,
            0.0007
        ],
        "cam_time_offset_ns": 2124029,
        "vignette": [
            {
                "value0": 0,
                "value1": 10000000000,
                "value2": [
                    [
                        1.0
                    ],
                    [
                        0.9756807452071229
                    ],
                    [
                        0.961478649391831
                    ],
                    [
                        0.9592430647481893
                    ],
                    [
                        0.965255413621844
                    ],
                    [
                        0.968027499656058
                    ],
                    [
                        0.9668784047782227
                    ],
                    [
                        0.9678210651671749
                    ],
                    [
                        0.9634610667836105
                    ],
                    [
                        0.9545151272531519
                    ],
                    [
                        0.9498314257686337
                    ],
                    [
                        0.9338772301832958
                    ],
                    [
                        0.9181923265229947
                    ],
                    [
                        0.8998644730462153
                    ],
                    [
                        0.8761453388538603
                    ],
                    [
                        0.8456463818944021
                    ],
                    [
                        0.8220002340798814
                    ],
                    [
                        0.7963585078015505
                    ],
                    [
                        0.7562241145619253
                    ],
                    [
                        0.7234786207739308
                    ],
                    [
                        0.694122809055184
                    ],
                    [
                        0.6718336002165749
                    ],
                    [
                        0.6443212781664814
                    ],
                    [
                        0.6084884059789038
                    ],
                    [
                        0.5814158430195813
                    ],
                    [
                        0.5654724337429784
                    ],
                    [
                        0.545241477146747
                    ],
                    [
                        0.5202699112257915
                    ],
                    [
                        0.5048790086557554
                    ],
                    [
                        0.4861218171253806
                    ],
                    [
                        0.46069073832214738
                    ],
                    [
                        0.43588183447221826
                    ],
                    [
                        0.4234834204594669
                    ],
                    [
                        0.40623001793419369
                    ],
                    [
                        0.3882128830558469
                    ],
                    [
                        0.3655942290173829
                    ],
                    [
                        0.33264805887979567
                    ],
                    [
                        0.3098753942989005
                    ],
                    [
                        0.2773097830667059
                    ],
                    [
                        0.214103148090298
                    ],
                    [
                        0.18344271351511449
                    ],
                    [
                        0.15625935544455753
                    ],
                    [
                        0.15414723853458318
                    ],
                    [
                        0.14679140457126517
                    ],
                    [
                        0.14583353716007228
                    ],
                    [
                        0.1429510348657261
                    ],
                    [
                        0.13349614834675389
                    ],
                    [
                        0.11871407224246443
                    ],
                    [
                        0.11034625072513887
                    ],
                    [
                        0.11194538062696553
                    ],
                    [
                        0.10968401377725878
                    ],
                    [
                        0.09772330230377463
                    ],
                    [
                        0.01
                    ],
                    [
